Loan_ID,Gender,Married,Dependents,Education,Self_Employed,ApplicantIncome,CoapplicantIncome,LoanAmount,Loan_Amount_Term,Credit_History,Property_Area,Loan_Status,CoapplicantIncome_anomaly_flag_LocalOutlierFactorStrategy,CoapplicantIncome_anomaly_score_LocalOutlierFactorStrategy,CoapplicantIncome_anomaly_flag_IsolationForestStrategy,CoapplicantIncome_anomaly_score_IsolationForestStrategy,LoanAmount_anomaly_flag_LocalOutlierFactorStrategy,LoanAmount_anomaly_score_LocalOutlierFactorStrategy,LoanAmount_anomaly_flag_IsolationForestStrategy,LoanAmount_anomaly_score_IsolationForestStrategy
LP001003,Male,Yes,1,Graduate,No,4583,1508.0,128.0,360.0,1.0,Rural,N,0,1.0338975095797205,0,-0.3852989696382761,0,1.019347662140556,0,-0.44386671780664805
LP001005,Male,Yes,0,Graduate,Yes,3000,0.0,66.0,360.0,1.0,Urban,Y,0,0.0,0,0.0,0,1.040671556178617,0,-0.5181251414016435
LP001006,Male,Yes,0,Not Graduate,No,2583,2358.0,120.0,360.0,1.0,Urban,Y,0,0.9472314772436358,0,-0.3929288035510012,0,0.9930735930742329,0,-0.4278763009507638
LP001008,Male,No,0,Graduate,No,6000,0.0,141.0,360.0,1.0,Urban,Y,0,0.0,0,0.0,0,1.210626950307267,0,-0.5634752528120829
LP001013,Male,Yes,0,Not Graduate,No,2333,1516.0,95.0,360.0,1.0,Urban,Y,0,1.08061583537617,0,-0.38532751306775187,0,1.001138519923958,0,-0.4584766520282027
LP001024,Male,Yes,2,Graduate,No,3200,700.0,70.0,360.0,1.0,Urban,Y,0,1.2149189248463403,0,-0.4880076196403805,0,0.9680864247327843,0,-0.4893551900660422
LP001027,Male,Yes,2,Graduate,,2500,1840.0,109.0,360.0,1.0,Urban,Y,0,1.0004407967967985,0,-0.374405615659268,0,1.077439024377503,0,-0.4762578369224855
LP001029,Male,No,0,Graduate,No,1853,2840.0,114.0,360.0,1.0,Rural,N,0,1.1065038083996812,0,-0.4217981471775934,0,1.0745454545300657,0,-0.47183175458725546
LP001030,Male,Yes,2,Graduate,No,1299,1086.0,17.0,120.0,1.0,Urban,Y,0,1.130703104986503,0,-0.4374084426474301,0,2.03894026032729,0,-0.7557030776063858
LP001032,Male,No,0,Graduate,No,4950,0.0,125.0,360.0,1.0,Urban,Y,0,0.0,0,0.0,0,1.0,0,-0.4585975799584124
LP001034,Male,No,1,Not Graduate,No,3596,0.0,100.0,240.0,,Urban,Y,0,0.0,0,0.0,0,0.9895945945951364,0,-0.434502241673922
LP001036,Female,No,0,Graduate,No,3510,0.0,76.0,360.0,0.0,Urban,N,0,0.0,0,0.0,0,1.0328937310809407,0,-0.535815838706812
LP001038,Male,Yes,0,Not Graduate,No,4887,0.0,133.0,360.0,1.0,Rural,N,0,0.0,0,0.0,0,1.055105105102068,0,-0.4930577260321197
LP001041,Male,Yes,0,Graduate,,2600,3500.0,115.0,,1.0,Urban,Y,0,1.3544783324086453,0,-0.46846986957933356,0,1.3379939209393776,0,-0.451521889661952
LP001043,Male,Yes,0,Not Graduate,No,7660,0.0,104.0,360.0,0.0,Urban,N,0,0.0,0,0.0,0,1.026500021463217,0,-0.4631254110969922
LP001047,Male,Yes,0,Not Graduate,No,2600,1911.0,116.0,360.0,0.0,Semiurban,N,0,1.0187789693191718,0,-0.3855940491195456,0,1.1648490730154855,0,-0.47107845643597873
LP001050,,Yes,2,Not Graduate,No,3365,1917.0,112.0,360.0,0.0,Rural,N,0,1.0187789693191722,0,-0.38460096760915824,0,1.0,0,-0.4431902232314015
LP001068,Male,Yes,0,Graduate,No,2799,2253.0,122.0,360.0,1.0,Semiurban,Y,0,1.037767628321476,0,-0.39421866267906414,0,1.5577272726716611,0,-0.4782566093526797
LP001073,Male,Yes,2,Not Graduate,No,4226,1040.0,110.0,360.0,1.0,Urban,Y,0,1.1434443000376109,0,-0.43331205246099236,0,0.9800000000015998,0,-0.42367844788252373
LP001086,Male,No,0,Not Graduate,No,1442,0.0,35.0,360.0,1.0,Urban,N,0,0.0,0,0.0,0,1.3064486200975405,0,-0.6582163204334607
LP001087,Female,No,2,Graduate,,3750,2083.0,120.0,360.0,1.0,Semiurban,Y,0,0.9961351875419769,0,-0.38119634238538597,0,0.9930735930742329,0,-0.4278763009507638
LP001095,Male,No,0,Graduate,No,3167,0.0,74.0,360.0,1.0,Urban,N,0,0.0,0,0.0,0,0.9815033533556967,0,-0.5164727668130944
LP001097,Male,No,1,Graduate,Yes,4692,0.0,106.0,360.0,1.0,Rural,N,0,0.0,0,0.0,0,1.0679350822792737,0,-0.48388083671099397
LP001098,Male,Yes,0,Graduate,No,3500,1667.0,114.0,360.0,1.0,Semiurban,Y,0,0.9996308218366547,0,-0.3656102012449929,0,1.0745454545300657,0,-0.47183175458725546
LP001109,Male,Yes,0,Graduate,No,1828,1330.0,100.0,,0.0,Urban,N,0,1.0309609404868012,0,-0.40728269697565095,0,0.9895945945951364,0,-0.434502241673922
LP001112,Female,Yes,0,Graduate,No,3667,1459.0,144.0,360.0,1.0,Semiurban,Y,0,0.9826585835578481,0,-0.37760152007178366,0,1.20493404582756,0,-0.545531289118367
LP001116,Male,No,0,Not Graduate,No,3748,1668.0,110.0,360.0,1.0,Semiurban,Y,0,0.9989384532206683,0,-0.3671695848995516,0,0.9800000000015998,0,-0.42367844788252373
LP001119,Male,No,0,Graduate,No,3600,0.0,80.0,360.0,1.0,Urban,N,0,0.0,0,0.0,0,1.0036699240121758,0,-0.48989851788803573
LP001120,Male,No,0,Graduate,No,1800,1213.0,47.0,360.0,1.0,Urban,Y,0,1.0963155188836233,0,-0.42351747811576074,0,1.0555579441104062,0,-0.5744941570643409
LP001123,Male,Yes,0,Graduate,No,2400,0.0,75.0,360.0,,Urban,Y,0,0.0,0,0.0,0,1.0117271771433245,0,-0.5150841734846702
LP001131,Male,Yes,0,Graduate,No,3941,2336.0,134.0,360.0,1.0,Semiurban,Y,0,0.9469829109011965,0,-0.39140502893188944,0,1.027777777776235,0,-0.5017500345284356
LP001136,Male,Yes,0,Not Graduate,Yes,4695,0.0,96.0,,1.0,Urban,Y,0,0.0,0,0.0,0,0.9546139705907581,0,-0.46136182471841536
LP001137,Female,No,0,Graduate,No,3410,0.0,88.0,,1.0,Urban,Y,0,0.0,0,0.0,0,1.1181149454367023,0,-0.5029955914187726
LP001138,Male,Yes,1,Graduate,No,5649,0.0,44.0,360.0,1.0,Urban,Y,0,0.0,0,0.0,0,1.1407021623728177,0,-0.5872040239822357
LP001144,Male,Yes,0,Graduate,No,5821,0.0,144.0,360.0,1.0,Urban,Y,0,0.0,0,0.0,0,1.20493404582756,0,-0.545531289118367
LP001146,Female,Yes,0,Graduate,No,2645,3440.0,120.0,360.0,0.0,Urban,N,0,1.2893917909833852,0,-0.46784758622320954,0,0.9930735930742329,0,-0.4278763009507638
LP001151,Female,No,0,Graduate,No,4000,2275.0,144.0,360.0,1.0,Semiurban,Y,0,1.0374453230130762,0,-0.3993178896553117,0,1.20493404582756,0,-0.545531289118367
LP001155,Female,Yes,0,Not Graduate,No,1928,1644.0,100.0,360.0,1.0,Semiurban,Y,0,0.996457295323179,0,-0.3740542641047546,0,0.9895945945951364,0,-0.434502241673922
LP001157,Female,No,0,Graduate,No,3086,0.0,120.0,360.0,1.0,Semiurban,Y,0,0.0,0,0.0,0,0.9930735930742329,0,-0.4278763009507638
LP001164,Female,No,0,Graduate,No,4230,0.0,112.0,360.0,1.0,Semiurban,N,0,0.0,0,0.0,0,1.0,0,-0.4431902232314015
LP001179,Male,Yes,2,Graduate,No,4616,0.0,134.0,360.0,1.0,Urban,N,0,0.0,0,0.0,0,1.027777777776235,0,-0.5017500345284356
LP001194,Male,Yes,2,Graduate,No,2708,1167.0,97.0,360.0,1.0,Semiurban,Y,0,1.0711161794281545,0,-0.44478794872508004,0,1.2258512544660913,0,-0.4930062706348444
LP001195,Male,Yes,0,Graduate,No,2132,1591.0,96.0,360.0,1.0,Semiurban,Y,0,1.046002613669201,0,-0.3804144566807064,0,0.9546139705907581,0,-0.46136182471841536
LP001197,Male,Yes,0,Graduate,No,3366,2200.0,135.0,360.0,1.0,Rural,N,0,1.026694488025859,0,-0.39743302185574203,0,1.0,0,-0.4818921148432944
LP001199,Male,Yes,2,Not Graduate,No,3357,2859.0,144.0,360.0,1.0,Urban,Y,0,1.0584531156347257,0,-0.427184661924723,0,1.20493404582756,0,-0.545531289118367
LP001205,Male,Yes,0,Graduate,No,2500,3796.0,120.0,360.0,1.0,Urban,Y,0,1.4190483665207974,0,-0.5462421481490848,0,0.9930735930742329,0,-0.4278763009507638
LP001206,Male,Yes,3+,Graduate,No,3029,0.0,99.0,360.0,1.0,Urban,Y,0,0.0,0,0.0,0,1.0236111111097992,0,-0.4636183494115894
LP001222,Female,No,0,Graduate,No,4166,0.0,116.0,360.0,0.0,Semiurban,N,0,0.0,0,0.0,0,1.1648490730154855,0,-0.47107845643597873
LP001228,Male,No,0,Not Graduate,No,3200,2254.0,126.0,180.0,0.0,Urban,N,0,1.0382405707685722,0,-0.3950551669614904,0,1.0078947368416897,0,-0.4627843635930468
LP001238,Male,Yes,3+,Not Graduate,Yes,7100,0.0,125.0,60.0,1.0,Urban,Y,0,0.0,0,0.0,0,1.0,0,-0.4585975799584124
LP001241,Female,No,0,Graduate,No,4300,0.0,136.0,360.0,0.0,Semiurban,N,0,0.0,0,0.0,0,0.9682539682554095,0,-0.4921528134589129
LP001245,Male,Yes,2,Not Graduate,Yes,1875,1875.0,97.0,360.0,1.0,Semiurban,Y,0,1.0170203705125593,0,-0.38077901647122964,0,1.2258512544660913,0,-0.4930062706348444
LP001248,Male,No,0,Graduate,No,3500,0.0,81.0,300.0,1.0,Semiurban,Y,0,0.0,0,0.0,0,1.0036699240121756,0,-0.4943374550446132
LP001250,Male,Yes,3+,Not Graduate,No,4755,0.0,95.0,,0.0,Semiurban,N,0,0.0,0,0.0,0,1.001138519923958,0,-0.4584766520282027
LP001255,Male,No,0,Graduate,No,3750,0.0,113.0,480.0,1.0,Urban,N,0,0.0,0,0.0,0,0.9714285714306122,0,-0.4379909043080081
LP001259,Male,Yes,1,Graduate,Yes,1000,3022.0,110.0,360.0,1.0,Urban,N,0,1.0103052795385485,0,-0.43886252230136774,0,0.9800000000015998,0,-0.42367844788252373
LP001264,Male,Yes,3+,Not Graduate,Yes,3333,2166.0,130.0,360.0,,Semiurban,Y,0,0.9861615390863685,0,-0.38831632840021363,0,0.947132861609342,0,-0.4519249222745786
LP001265,Female,No,0,Graduate,No,3846,0.0,111.0,360.0,1.0,Semiurban,Y,0,0.0,0,0.0,0,1.0,0,-0.4493641784341551
LP001275,Male,Yes,1,Graduate,No,3988,0.0,50.0,240.0,1.0,Urban,Y,0,0.0,0,0.0,0,1.0368185000546837,0,-0.5500655586806046
LP001279,Male,No,0,Graduate,No,2366,2531.0,136.0,360.0,1.0,Semiurban,Y,0,1.1517104502671567,0,-0.41135910913793283,0,0.9682539682554095,0,-0.4921528134589129
LP001280,Male,Yes,2,Not Graduate,No,3333,2000.0,99.0,360.0,,Semiurban,Y,0,1.006950281219509,0,-0.37225858445333937,0,1.0236111111097992,0,-0.4636183494115894
LP001282,Male,Yes,0,Graduate,No,2500,2118.0,104.0,360.0,1.0,Semiurban,Y,0,1.0171480334848053,0,-0.3942747890823559,0,1.026500021463217,0,-0.4631254110969922
LP001316,Male,Yes,0,Graduate,No,2958,2900.0,131.0,360.0,1.0,Semiurban,Y,0,1.0117354191449013,0,-0.43453910136558727,0,1.0538398692779105,0,-0.4882936757183932
LP001319,Male,Yes,2,Not Graduate,No,3273,1820.0,81.0,360.0,1.0,Urban,Y,0,0.9982448429870965,0,-0.3767882976793067,0,1.0036699240121756,0,-0.4943374550446132
LP001322,Male,No,0,Graduate,No,4133,0.0,122.0,360.0,1.0,Semiurban,Y,0,0.0,0,0.0,0,1.5577272726716611,0,-0.4782566093526797
LP001325,Male,No,0,Not Graduate,No,3620,0.0,25.0,120.0,1.0,Semiurban,Y,0,0.0,0,0.0,0,1.690137619457608,0,-0.6881854670260278
LP001327,Female,Yes,0,Graduate,No,2484,2302.0,137.0,360.0,1.0,Semiurban,Y,0,0.9940588369593895,0,-0.4007178508243894,0,0.9865000000004038,0,-0.5045925976091795
LP001333,Male,Yes,0,Graduate,No,1977,997.0,50.0,360.0,1.0,Semiurban,Y,0,1.1256348542380603,0,-0.44274474258833046,0,1.0368185000546837,0,-0.5500655586806046
LP001334,Male,Yes,0,Not Graduate,No,4188,0.0,115.0,180.0,1.0,Semiurban,Y,0,0.0,0,0.0,0,1.3379939209393776,0,-0.451521889661952
LP001343,Male,Yes,0,Graduate,No,1759,3541.0,131.0,360.0,1.0,Semiurban,Y,0,1.4028995698802604,0,-0.4955548792524326,0,1.0538398692779105,0,-0.4882936757183932
LP001345,Male,Yes,2,Not Graduate,No,4288,3263.0,133.0,180.0,1.0,Urban,Y,0,1.12107165839272,0,-0.4751128892874173,0,1.055105105102068,0,-0.4930577260321197
LP001367,Male,Yes,1,Graduate,No,3052,1030.0,100.0,360.0,1.0,Urban,Y,0,1.1529553320517663,0,-0.4327413268239056,0,0.9895945945951364,0,-0.434502241673922
LP001370,Male,No,0,Not Graduate,,7333,0.0,120.0,360.0,1.0,Rural,N,0,0.0,0,0.0,0,0.9930735930742329,0,-0.4278763009507638
LP001384,Male,Yes,3+,Not Graduate,No,2071,754.0,94.0,480.0,1.0,Semiurban,Y,0,1.1594306906861305,0,-0.4797253781526489,0,0.9950458211131332,0,-0.4829504669107241
LP001385,Male,No,0,Graduate,No,5316,0.0,136.0,360.0,1.0,Urban,Y,0,0.0,0,0.0,0,0.9682539682554095,0,-0.4921528134589129
LP001387,Female,Yes,0,Graduate,,2929,2333.0,139.0,360.0,1.0,Semiurban,Y,0,0.9443535054218991,0,-0.388578172067844,0,1.034219967724933,0,-0.528137301759398
LP001398,Male,No,0,Graduate,,5050,0.0,118.0,360.0,1.0,Semiurban,Y,0,0.0,0,0.0,0,1.7010574973967612,0,-0.48613817612449856
LP001405,Male,Yes,1,Graduate,No,2214,1398.0,85.0,360.0,,Urban,Y,0,1.0098475918360454,0,-0.3934970025675395,0,1.0302317252127282,0,-0.5387681820325878
LP001430,Female,No,0,Graduate,No,4166,0.0,44.0,360.0,1.0,Semiurban,Y,0,0.0,0,0.0,0,1.1407021623728177,0,-0.5872040239822357
LP001431,Female,No,0,Graduate,No,2137,8980.0,137.0,360.0,0.0,Semiurban,Y,0,5.864931434256617,0,-0.7645307752638891,0,0.9865000000004038,0,-0.5045925976091795
LP001432,Male,Yes,2,Graduate,No,2957,0.0,81.0,360.0,1.0,Semiurban,Y,0,0.0,0,0.0,0,1.0036699240121756,0,-0.4943374550446132
LP001443,Female,No,0,Graduate,No,3692,0.0,93.0,360.0,,Rural,Y,0,0.0,0,0.0,0,1.4052418065471346,0,-0.4946667956869684
LP001473,Male,No,0,Graduate,No,2014,1929.0,74.0,360.0,1.0,Urban,Y,0,1.0367653326466655,0,-0.38469076426731375,0,0.9815033533556967,0,-0.5164727668130944
LP001478,Male,No,0,Graduate,No,2718,0.0,70.0,360.0,1.0,Semiurban,Y,0,0.0,0,0.0,0,0.9680864247327843,0,-0.4893551900660422
LP001482,Male,Yes,0,Graduate,Yes,3459,0.0,25.0,120.0,1.0,Semiurban,Y,0,0.0,0,0.0,0,1.690137619457608,0,-0.6881854670260278
LP001487,Male,No,0,Graduate,No,4895,0.0,102.0,360.0,1.0,Semiurban,Y,0,0.0,0,0.0,0,1.100721500715045,0,-0.47007976024136516
LP001489,Female,Yes,0,Graduate,No,4583,0.0,84.0,360.0,1.0,Rural,N,0,0.0,0,0.0,0,1.0379772331621173,0,-0.5169931206615266
LP001491,Male,Yes,2,Graduate,Yes,3316,3500.0,88.0,360.0,1.0,Urban,Y,0,1.3544783324086453,0,-0.46846986957933356,0,1.1181149454367023,0,-0.5029955914187726
LP001493,Male,Yes,2,Not Graduate,No,4200,1430.0,129.0,360.0,1.0,Rural,N,0,0.9853193815740138,0,-0.38726215425996996,0,1.0732972136180692,0,-0.47284426204456853
LP001507,Male,Yes,0,Graduate,No,2698,2034.0,122.0,360.0,1.0,Semiurban,Y,0,0.9776123076191621,0,-0.37444619151260133,0,1.5577272726716611,0,-0.4782566093526797
LP001514,Female,Yes,0,Graduate,No,2330,4486.0,100.0,360.0,1.0,Semiurban,Y,0,1.6744616572441924,0,-0.532551919185481,0,0.9895945945951364,0,-0.434502241673922
LP001518,Male,Yes,1,Graduate,No,1538,1425.0,30.0,360.0,1.0,Urban,Y,0,0.9874496683673742,0,-0.38545439919671703,0,1.4892036737024021,0,-0.6779357958907573
LP001520,Male,Yes,0,Graduate,No,4860,830.0,125.0,360.0,1.0,Semiurban,Y,0,1.1222881779698919,0,-0.47751746628271996,0,1.0,0,-0.4585975799584124
LP001528,Male,No,0,Graduate,No,6277,0.0,118.0,360.0,0.0,Rural,N,0,0.0,0,0.0,0,1.7010574973967612,0,-0.48613817612449856
LP001532,Male,Yes,2,Not Graduate,No,2281,0.0,113.0,360.0,1.0,Rural,N,0,0.0,0,0.0,0,0.9714285714306122,0,-0.4379909043080081
LP001535,Male,No,0,Graduate,No,3254,0.0,50.0,360.0,1.0,Urban,Y,0,0.0,0,0.0,0,1.0368185000546837,0,-0.5500655586806046
LP001546,Male,No,0,Graduate,,2980,2083.0,120.0,360.0,1.0,Rural,Y,0,0.9961351875419769,0,-0.38119634238538597,0,0.9930735930742329,0,-0.4278763009507638
LP001560,Male,Yes,0,Not Graduate,No,1863,1041.0,98.0,360.0,1.0,Semiurban,Y,0,1.1424931968361949,0,-0.43451203593051374,0,1.0491107236234822,0,-0.47775162686924344
LP001565,Male,Yes,1,Graduate,No,3089,1280.0,121.0,360.0,0.0,Semiurban,N,0,1.0623001866718522,0,-0.4070725881776538,0,1.0428947368358215,0,-0.4681187734067184
LP001572,Male,Yes,0,Graduate,No,9323,0.0,75.0,180.0,1.0,Urban,Y,0,0.0,0,0.0,0,1.0117271771433245,0,-0.5150841734846702
LP001577,Female,Yes,0,Graduate,No,4583,0.0,112.0,360.0,1.0,Rural,N,0,0.0,0,0.0,0,1.0,0,-0.4431902232314015
LP001578,Male,Yes,0,Graduate,No,2439,3333.0,129.0,360.0,1.0,Rural,Y,0,1.173128331905199,0,-0.46810426924752624,0,1.0732972136180692,0,-0.47284426204456853
LP001579,Male,No,0,Graduate,No,2237,0.0,63.0,480.0,0.0,Semiurban,N,0,0.0,0,0.0,0,1.1015211054660012,0,-0.5536334209252347
LP001581,Male,Yes,0,Not Graduate,,1820,1769.0,95.0,360.0,1.0,Rural,Y,0,0.9890495955883652,0,-0.37845230760257975,0,1.001138519923958,0,-0.4584766520282027
LP001586,Male,Yes,3+,Not Graduate,No,3522,0.0,81.0,180.0,1.0,Rural,N,0,0.0,0,0.0,0,1.0036699240121756,0,-0.4943374550446132
LP001603,Male,Yes,0,Not Graduate,Yes,4344,736.0,87.0,360.0,1.0,Semiurban,N,0,1.1744005391264278,0,-0.48055863257825565,0,1.0177416047177001,0,-0.5253725461020654
LP001606,Male,Yes,0,Graduate,No,3497,1964.0,116.0,360.0,1.0,Rural,Y,0,1.0428156035052525,0,-0.38591935743446854,0,1.1648490730154855,0,-0.47107845643597873
LP001608,Male,Yes,2,Graduate,No,2045,1619.0,101.0,360.0,1.0,Rural,Y,0,1.0088163881547116,0,-0.3742073855273528,0,1.0614414414375735,0,-0.4684622349046095
LP001616,Male,Yes,1,Graduate,No,3750,0.0,116.0,360.0,1.0,Semiurban,Y,0,0.0,0,0.0,0,1.1648490730154855,0,-0.47107845643597873
LP001630,Male,No,0,Not Graduate,No,2333,1451.0,102.0,480.0,0.0,Urban,N,0,0.9875005462258475,0,-0.37964040254578607,0,1.100721500715045,0,-0.47007976024136516
LP001634,Male,No,0,Graduate,No,1916,5063.0,67.0,360.0,,Rural,N,0,2.0385307373553965,0,-0.5911484225591063,0,1.00041253589431,0,-0.5246538855966797
LP001636,Male,Yes,0,Graduate,No,4600,0.0,73.0,180.0,1.0,Semiurban,Y,0,0.0,0,0.0,0,1.0037258385356467,0,-0.5147444356249082
LP001639,Female,Yes,0,Graduate,No,3625,0.0,108.0,360.0,1.0,Semiurban,Y,0,0.0,0,0.0,0,1.4830141611697187,0,-0.4721650459101719
LP001641,Male,Yes,1,Graduate,Yes,2178,0.0,66.0,300.0,0.0,Rural,N,0,0.0,0,0.0,0,1.040671556178617,0,-0.5181251414016435
LP001643,Male,Yes,0,Graduate,No,2383,2138.0,58.0,360.0,,Rural,Y,0,1.0008023080922848,0,-0.38943764158116584,0,1.0181249097596523,0,-0.5506137955367324
LP001653,Male,No,0,Not Graduate,No,4885,0.0,48.0,360.0,1.0,Rural,Y,0,0.0,0,0.0,0,1.0444468089938304,0,-0.5721564066353371
LP001658,Male,No,0,Graduate,No,3858,0.0,76.0,360.0,1.0,Semiurban,Y,0,0.0,0,0.0,0,1.0328937310809407,0,-0.535815838706812
LP001664,Male,No,0,Graduate,No,4191,0.0,120.0,360.0,1.0,Rural,Y,0,0.0,0,0.0,0,0.9930735930742329,0,-0.4278763009507638
LP001669,Female,No,0,Not Graduate,No,1907,2365.0,120.0,,1.0,Urban,Y,0,0.9472314772436355,0,-0.3950006191407083,0,0.9930735930742329,0,-0.4278763009507638
LP001671,Female,Yes,0,Graduate,No,3416,2816.0,113.0,360.0,,Semiurban,Y,0,1.0972083993569541,0,-0.42571412305934203,0,0.9714285714306122,0,-0.4379909043080081
LP001674,Male,Yes,1,Not Graduate,No,2600,2500.0,90.0,360.0,1.0,Semiurban,Y,0,1.0768957918848143,0,-0.39979380824562266,0,1.4125360792104118,0,-0.5038135399892832
LP001688,Male,Yes,1,Not Graduate,No,3500,1083.0,135.0,360.0,1.0,Urban,Y,0,1.1330181082361723,0,-0.4370354504740469,0,1.0,0,-0.4818921148432944
LP001691,Male,Yes,2,Not Graduate,No,3917,0.0,124.0,360.0,1.0,Semiurban,Y,0,0.0,0,0.0,0,1.0105263157889197,0,-0.46612034079410397
LP001692,Female,No,0,Not Graduate,No,4408,0.0,120.0,360.0,1.0,Semiurban,Y,0,0.0,0,0.0,0,0.9930735930742329,0,-0.4278763009507638
LP001693,Female,No,0,Graduate,No,3244,0.0,80.0,360.0,1.0,Urban,Y,0,0.0,0,0.0,0,1.0036699240121758,0,-0.48989851788803573
LP001698,Male,No,0,Not Graduate,No,3975,2531.0,55.0,360.0,1.0,Rural,Y,0,1.1517104502671567,0,-0.41135910913793283,0,1.0093622748372917,0,-0.5349097130182533
LP001699,Male,No,0,Graduate,No,2479,0.0,59.0,360.0,1.0,Urban,Y,0,0.0,0,0.0,0,1.1163221119847386,0,-0.5427549142348067
LP001702,Male,No,0,Graduate,No,3418,0.0,127.0,360.0,1.0,Semiurban,N,0,0.0,0,0.0,0,1.0289473684195294,0,-0.4645781851401003
LP001711,Male,Yes,3+,Graduate,No,3430,1250.0,128.0,360.0,0.0,Semiurban,N,0,1.1000485081975815,0,-0.41211349260614555,0,1.019347662140556,0,-0.44386671780664805
LP001715,Male,Yes,3+,Not Graduate,Yes,5703,0.0,130.0,360.0,1.0,Rural,Y,0,0.0,0,0.0,0,0.947132861609342,0,-0.4519249222745786
LP001716,Male,Yes,0,Graduate,No,3173,3021.0,137.0,360.0,1.0,Urban,Y,0,1.0103052795385485,0,-0.43802404129198375,0,0.9865000000004038,0,-0.5045925976091795
LP001720,Male,Yes,3+,Not Graduate,No,3850,983.0,100.0,360.0,1.0,Semiurban,Y,0,1.1385150548328165,0,-0.4453013340841724,0,0.9895945945951364,0,-0.434502241673922
LP001722,Male,Yes,0,Graduate,No,150,1800.0,135.0,360.0,1.0,Rural,N,0,0.9930893812791031,0,-0.36655597229382375,0,1.0,0,-0.4818921148432944
LP001726,Male,Yes,0,Graduate,No,3727,1775.0,131.0,360.0,1.0,Semiurban,Y,0,0.9883456324477233,0,-0.3742434380338809,0,1.0538398692779105,0,-0.4882936757183932
LP001732,Male,Yes,2,Graduate,,5000,0.0,72.0,360.0,0.0,Semiurban,N,0,0.0,0,0.0,0,0.9852480788677663,0,-0.51161493164083
LP001734,Female,Yes,2,Graduate,No,4283,2383.0,127.0,360.0,,Semiurban,Y,0,0.9791242311568032,0,-0.3946804235102991,0,1.0289473684195294,0,-0.4645781851401003
LP001736,Male,Yes,0,Graduate,No,2221,0.0,60.0,360.0,0.0,Urban,N,0,0.0,0,0.0,0,1.0763795739036162,0,-0.5258476503955646
LP001743,Male,Yes,2,Graduate,No,4009,1717.0,116.0,360.0,1.0,Semiurban,Y,0,0.9604939437570905,0,-0.37019914117927427,0,1.1648490730154855,0,-0.47107845643597873
LP001744,Male,No,0,Graduate,No,2971,2791.0,144.0,360.0,1.0,Semiurban,Y,0,1.0913987687052498,0,-0.4240887606217448,0,1.20493404582756,0,-0.545531289118367
LP001750,Male,Yes,0,Graduate,No,6250,0.0,128.0,360.0,1.0,Semiurban,Y,0,0.0,0,0.0,0,1.019347662140556,0,-0.44386671780664805
LP001754,Male,Yes,,Not Graduate,Yes,4735,0.0,138.0,360.0,1.0,Urban,N,0,0.0,0,0.0,0,1.0102067669162462,0,-0.5039988117522258
LP001765,Male,Yes,1,Graduate,No,2491,2054.0,104.0,360.0,1.0,Semiurban,Y,0,0.9776579050753833,0,-0.3818479058012879,0,1.026500021463217,0,-0.4631254110969922
LP001768,Male,Yes,0,Graduate,,3716,0.0,42.0,180.0,1.0,Rural,Y,0,0.0,0,0.0,0,1.174014350632309,0,-0.6216132902574102
LP001770,Male,No,0,Not Graduate,No,3189,2598.0,120.0,,1.0,Rural,Y,0,1.2345721404888317,0,-0.44399144355159553,0,0.9930735930742329,0,-0.4278763009507638
LP001778,Male,Yes,1,Graduate,No,3155,1779.0,140.0,360.0,1.0,Semiurban,Y,0,0.9868453865449538,0,-0.37148291826009455,0,1.1134731126008042,0,-0.521249406173113
LP001788,Female,No,0,Graduate,Yes,3463,0.0,122.0,360.0,,Urban,Y,0,0.0,0,0.0,0,1.5577272726716611,0,-0.4782566093526797
LP001790,Female,No,1,Graduate,No,3812,0.0,112.0,360.0,1.0,Rural,Y,0,0.0,0,0.0,0,1.0,0,-0.4431902232314015
LP001792,Male,Yes,1,Graduate,No,3315,0.0,96.0,360.0,1.0,Semiurban,Y,0,0.0,0,0.0,0,0.9546139705907581,0,-0.46136182471841536
LP001798,Male,Yes,2,Graduate,No,5819,5000.0,120.0,360.0,1.0,Rural,Y,0,2.0005403960740638,0,-0.5578941796251198,0,0.9930735930742329,0,-0.4278763009507638
LP001800,Male,Yes,1,Not Graduate,No,2510,1983.0,140.0,180.0,1.0,Urban,N,0,1.0258045884395648,0,-0.37908669855318133,0,1.1134731126008042,0,-0.521249406173113
LP001807,Male,Yes,2,Graduate,Yes,6250,1300.0,108.0,360.0,1.0,Rural,Y,0,1.0278953766859735,0,-0.39979266872268443,0,1.4830141611697187,0,-0.4721650459101719
LP001811,Male,Yes,0,Not Graduate,No,3406,4417.0,123.0,360.0,1.0,Semiurban,Y,0,1.6296826194374368,0,-0.5378798856288238,0,1.0923444975996635,0,-0.47406453114509656
LP001813,Male,No,0,Graduate,Yes,6050,4333.0,120.0,180.0,1.0,Urban,N,0,1.5812260761103198,0,-0.5279897052486959,0,0.9930735930742329,0,-0.4278763009507638
LP001814,Male,Yes,2,Graduate,No,9703,0.0,112.0,360.0,1.0,Urban,Y,0,0.0,0,0.0,0,1.0,0,-0.4431902232314015
LP001819,Male,Yes,1,Not Graduate,No,6608,0.0,137.0,180.0,1.0,Urban,Y,0,0.0,0,0.0,0,0.9865000000004038,0,-0.5045925976091795
LP001824,Male,Yes,1,Graduate,No,2882,1843.0,123.0,480.0,1.0,Semiurban,Y,0,1.0024467308454212,0,-0.3740329939455292,0,1.0923444975996635,0,-0.47406453114509656
LP001825,Male,Yes,0,Graduate,No,1809,1868.0,90.0,360.0,1.0,Urban,Y,0,1.0109411600652778,0,-0.37421317979979135,0,1.4125360792104118,0,-0.5038135399892832
LP001836,Female,No,2,Graduate,No,3427,0.0,138.0,360.0,1.0,Urban,N,0,0.0,0,0.0,0,1.0102067669162462,0,-0.5039988117522258
LP001841,Male,No,0,Not Graduate,Yes,2583,2167.0,104.0,360.0,1.0,Rural,Y,0,0.9871549825562491,0,-0.3844771527220525,0,1.026500021463217,0,-0.4631254110969922
LP001849,Male,No,0,Not Graduate,No,6045,0.0,115.0,360.0,0.0,Rural,N,0,0.0,0,0.0,0,1.3379939209393776,0,-0.451521889661952
LP001854,Male,Yes,3+,Graduate,No,5250,0.0,94.0,360.0,1.0,Urban,N,0,0.0,0,0.0,0,0.9950458211131332,0,-0.4829504669107241
LP001864,Male,Yes,3+,Not Graduate,No,4931,0.0,128.0,360.0,,Semiurban,N,0,0.0,0,0.0,0,1.019347662140556,0,-0.44386671780664805
LP001868,Male,No,0,Graduate,No,2060,2209.0,134.0,360.0,1.0,Semiurban,Y,0,1.010751488191545,0,-0.38996304440824314,0,1.027777777776235,0,-0.5017500345284356
LP001871,Female,No,0,Graduate,No,7200,0.0,120.0,360.0,1.0,Rural,Y,0,0.0,0,0.0,0,0.9930735930742329,0,-0.4278763009507638
LP001872,Male,No,0,Graduate,Yes,5166,0.0,128.0,360.0,1.0,Semiurban,Y,0,0.0,0,0.0,0,1.019347662140556,0,-0.44386671780664805
LP001877,Male,Yes,2,Graduate,No,4708,1387.0,150.0,360.0,1.0,Semiurban,Y,0,1.0198448533990656,0,-0.39610292408521186,0,1.3515764042931446,0,-0.6175361560011994
LP001883,Female,No,0,Graduate,,3418,0.0,135.0,360.0,1.0,Rural,N,0,0.0,0,0.0,0,1.0,0,-0.4818921148432944
LP001884,Female,No,1,Graduate,No,2876,1560.0,90.0,360.0,1.0,Urban,Y,0,1.1070910179032158,0,-0.386255325891419,0,1.4125360792104118,0,-0.5038135399892832
LP001888,Female,No,0,Graduate,No,3237,0.0,30.0,360.0,1.0,Urban,Y,0,0.0,0,0.0,0,1.4892036737024021,0,-0.6779357958907573
LP001892,Male,No,0,Graduate,No,2833,1857.0,126.0,360.0,1.0,Rural,Y,0,1.0103946792477958,0,-0.3755043311856773,0,1.0078947368416897,0,-0.4627843635930468
LP001894,Male,Yes,0,Graduate,No,2620,2223.0,150.0,360.0,1.0,Semiurban,Y,0,1.0242642460028901,0,-0.3923189834943262,0,1.3515764042931446,0,-0.6175361560011994
LP001896,Male,Yes,2,Graduate,No,3900,0.0,90.0,360.0,1.0,Semiurban,Y,0,0.0,0,0.0,0,1.4125360792104118,0,-0.5038135399892832
LP001900,Male,Yes,1,Graduate,No,2750,1842.0,115.0,360.0,1.0,Semiurban,Y,0,1.0017780861625472,0,-0.3745681843653565,0,1.3379939209393776,0,-0.451521889661952
LP001904,Male,Yes,0,Graduate,No,3103,1300.0,80.0,360.0,1.0,Urban,Y,0,1.0278953766859735,0,-0.39979266872268443,0,1.0036699240121758,0,-0.48989851788803573
LP001908,Female,Yes,0,Not Graduate,No,4100,0.0,124.0,360.0,,Rural,Y,0,0.0,0,0.0,0,1.0105263157889197,0,-0.46612034079410397
LP001914,Male,Yes,0,Graduate,No,3927,800.0,112.0,360.0,1.0,Semiurban,Y,0,1.1226713961827337,0,-0.47929057409246734,0,1.0,0,-0.4431902232314015
LP001915,Male,Yes,2,Graduate,No,2301,985.7999877999998,78.0,180.0,1.0,Urban,Y,0,1.1360700104581134,0,-0.44022929569541297,0,1.0797989939953427,0,-0.525691559727273
LP001917,Female,No,0,Graduate,No,1811,1666.0,54.0,360.0,1.0,Urban,Y,0,0.9996308218366547,0,-0.3664603521399157,0,1.0103282355269316,0,-0.5463586613816828
LP001924,Male,No,0,Graduate,No,3158,3053.0,89.0,360.0,1.0,Rural,Y,0,1.021127565745902,0,-0.45090540116241706,0,1.130034485696017,0,-0.5199480728797344
LP001925,Female,No,0,Graduate,Yes,2600,1717.0,99.0,300.0,1.0,Semiurban,N,0,0.9604939437570905,0,-0.37019914117927427,0,1.0236111111097992,0,-0.4636183494115894
LP001926,Male,Yes,0,Graduate,No,3704,2000.0,120.0,360.0,1.0,Rural,Y,0,1.006950281219509,0,-0.37225858445333937,0,0.9930735930742329,0,-0.4278763009507638
LP001931,Female,No,0,Graduate,No,4124,0.0,115.0,360.0,1.0,Semiurban,Y,0,0.0,0,0.0,0,1.3379939209393776,0,-0.451521889661952
LP001936,Male,Yes,0,Graduate,No,3075,2416.0,139.0,360.0,1.0,Rural,Y,0,1.012219415082194,0,-0.39533647084703566,0,1.034219967724933,0,-0.528137301759398
LP001938,Male,Yes,2,Graduate,No,4400,0.0,127.0,360.0,0.0,Semiurban,N,0,0.0,0,0.0,0,1.0289473684195294,0,-0.4645781851401003
LP001940,Male,Yes,2,Graduate,No,3153,1560.0,134.0,360.0,1.0,Urban,Y,0,1.1070910179032158,0,-0.386255325891419,0,1.027777777776235,0,-0.5017500345284356
LP001945,Female,No,,Graduate,No,5417,0.0,143.0,480.0,0.0,Urban,N,0,0.0,0,0.0,0,1.1704234960841562,0,-0.5729629308204527
LP001949,Male,Yes,3+,Graduate,,4416,1250.0,110.0,360.0,1.0,Urban,Y,0,1.1000485081975815,0,-0.41211349260614555,0,0.9800000000015998,0,-0.42367844788252373
LP001954,Female,Yes,1,Graduate,No,4666,0.0,135.0,360.0,1.0,Urban,Y,0,0.0,0,0.0,0,1.0,0,-0.4818921148432944
LP001963,Male,Yes,1,Graduate,No,2014,2925.0,113.0,360.0,1.0,Urban,N,0,1.0204381684821517,0,-0.4357805253890893,0,0.9714285714306122,0,-0.4379909043080081
LP001964,Male,Yes,0,Not Graduate,No,1800,2934.0,93.0,360.0,0.0,Urban,N,0,1.022352773336347,0,-0.4387500971648948,0,1.4052418065471346,0,-0.4946667956869684
LP001972,Male,Yes,,Not Graduate,No,2875,1750.0,105.0,360.0,1.0,Semiurban,Y,0,1.0035420149233665,0,-0.3785885348748932,0,1.0811754019633515,0,-0.4760211390417759
LP001974,Female,No,0,Graduate,No,5000,0.0,132.0,360.0,1.0,Rural,Y,0,0.0,0,0.0,0,0.9843004769482129,0,-0.47892909073905326
LP001977,Male,Yes,1,Graduate,No,1625,1803.0,96.0,360.0,1.0,Urban,Y,0,0.9965093464636203,0,-0.36686881306823743,0,0.9546139705907581,0,-0.46136182471841536
LP001978,Male,No,0,Graduate,No,4000,2500.0,140.0,360.0,1.0,Rural,Y,0,1.0768957918848143,0,-0.39979380824562266,0,1.1134731126008042,0,-0.521249406173113
LP001993,Female,No,0,Graduate,No,3762,1666.0,135.0,360.0,1.0,Rural,Y,0,0.9996308218366547,0,-0.3664603521399157,0,1.0,0,-0.4818921148432944
LP001994,Female,No,0,Graduate,No,2400,1863.0,104.0,360.0,0.0,Urban,N,0,1.0143366669029874,0,-0.3759165561296086,0,1.026500021463217,0,-0.4631254110969922
LP002002,Female,No,0,Graduate,No,2917,0.0,84.0,360.0,1.0,Semiurban,Y,0,0.0,0,0.0,0,1.0379772331621173,0,-0.5169931206615266
LP002004,Male,No,0,Not Graduate,No,2927,2405.0,111.0,360.0,1.0,Semiurban,Y,0,0.9972515022840067,0,-0.39642972803537174,0,1.0,0,-0.4493641784341551
LP002006,Female,No,0,Graduate,No,2507,0.0,56.0,360.0,1.0,Rural,Y,0,0.0,0,0.0,0,1.0074166172444792,0,-0.5466984186522698
LP002008,Male,Yes,2,Graduate,Yes,5746,0.0,144.0,84.0,,Rural,Y,0,0.0,0,0.0,0,1.20493404582756,0,-0.545531289118367
LP002031,Male,Yes,1,Not Graduate,No,3399,1640.0,111.0,180.0,1.0,Urban,Y,0,1.0019469073642113,0,-0.3731498847135301,0,1.0,0,-0.4493641784341551
LP002035,Male,Yes,2,Graduate,No,3717,0.0,120.0,360.0,1.0,Semiurban,Y,0,0.0,0,0.0,0,0.9930735930742329,0,-0.4278763009507638
LP002036,Male,Yes,0,Graduate,No,2058,2134.0,88.0,360.0,,Urban,Y,0,1.0028427009235297,0,-0.3896855680154038,0,1.1181149454367023,0,-0.5029955914187726
LP002043,Female,No,1,Graduate,No,3541,0.0,112.0,360.0,,Semiurban,Y,0,0.0,0,0.0,0,1.0,0,-0.4431902232314015
LP002051,Male,Yes,0,Graduate,No,2400,2167.0,115.0,360.0,1.0,Semiurban,Y,0,0.9871549825562491,0,-0.3844771527220525,0,1.3379939209393776,0,-0.451521889661952
LP002053,Male,Yes,3+,Graduate,No,4342,189.0,124.0,360.0,1.0,Semiurban,Y,0,1.9446309030648983,0,-0.6043924636283818,0,1.0105263157889197,0,-0.46612034079410397
LP002055,Female,No,0,Graduate,No,3166,2985.0,132.0,360.0,,Rural,Y,0,0.9988073910758519,0,-0.4418842091880041,0,0.9843004769482129,0,-0.47892909073905326
LP002068,Male,No,0,Graduate,No,4917,0.0,130.0,360.0,0.0,Rural,Y,0,0.0,0,0.0,0,0.947132861609342,0,-0.4519249222745786
LP002086,Female,Yes,0,Graduate,No,4333,2451.0,110.0,360.0,1.0,Urban,N,0,1.0385295830691263,0,-0.4002865893025869,0,0.9800000000015998,0,-0.42367844788252373
LP002087,Female,No,0,Graduate,No,2500,0.0,67.0,360.0,1.0,Urban,Y,0,0.0,0,0.0,0,1.00041253589431,0,-0.5246538855966797
LP002097,Male,No,1,Graduate,No,4384,1793.0,117.0,360.0,1.0,Urban,Y,0,0.987625377666928,0,-0.37360002876233334,0,1.1849826399183285,0,-0.4929879762533354
LP002098,Male,No,0,Graduate,No,2935,0.0,98.0,360.0,1.0,Semiurban,Y,0,0.0,0,0.0,0,1.0491107236234822,0,-0.47775162686924344
LP002100,Male,No,,Graduate,No,2833,0.0,71.0,360.0,1.0,Urban,Y,0,0.0,0,0.0,0,0.9762082248019739,0,-0.4909421240719199
LP002106,Male,Yes,,Graduate,Yes,5503,4490.0,70.0,,1.0,Semiurban,Y,0,1.6770575434938588,0,-0.5336432039054919,0,0.9680864247327843,0,-0.4893551900660422
LP002114,Female,No,0,Graduate,No,4160,0.0,71.0,360.0,1.0,Semiurban,Y,0,0.0,0,0.0,0,0.9762082248019739,0,-0.4909421240719199
LP002116,Female,No,0,Graduate,No,2378,0.0,46.0,360.0,1.0,Rural,N,0,0.0,0,0.0,0,1.0875323638678143,0,-0.5755949503925353
LP002126,Male,Yes,3+,Not Graduate,No,3173,0.0,74.0,360.0,1.0,Semiurban,Y,0,0.0,0,0.0,0,0.9815033533556967,0,-0.5164727668130944
LP002128,Male,Yes,2,Graduate,,2583,2330.0,125.0,360.0,1.0,Rural,Y,0,0.9694424511171615,0,-0.39079712757756335,0,1.0,0,-0.4585975799584124
LP002131,Male,Yes,2,Not Graduate,No,3083,2168.0,126.0,360.0,1.0,Urban,Y,0,0.9881484260261294,0,-0.3899556412788117,0,1.0078947368416897,0,-0.4627843635930468
LP002141,Male,Yes,3+,Graduate,No,2666,2083.0,95.0,360.0,1.0,Rural,Y,0,0.9961351875419769,0,-0.38119634238538597,0,1.001138519923958,0,-0.4584766520282027
LP002142,Female,Yes,0,Graduate,Yes,5500,0.0,105.0,360.0,0.0,Rural,N,0,0.0,0,0.0,0,1.0811754019633515,0,-0.4760211390417759
LP002143,Female,Yes,0,Graduate,No,2423,505.0,130.0,360.0,1.0,Semiurban,Y,0,1.4528582838822897,0,-0.5159939235050137,0,0.947132861609342,0,-0.4519249222745786
LP002144,Female,No,,Graduate,No,3813,0.0,116.0,180.0,1.0,Urban,Y,0,0.0,0,0.0,0,1.1648490730154855,0,-0.47107845643597873
LP002151,Male,Yes,1,Graduate,No,3875,0.0,67.0,360.0,1.0,Urban,N,0,0.0,0,0.0,0,1.00041253589431,0,-0.5246538855966797
LP002158,Male,Yes,0,Not Graduate,No,3000,1666.0,100.0,480.0,0.0,Urban,N,0,0.9996308218366547,0,-0.3664603521399157,0,0.9895945945951364,0,-0.434502241673922
LP002161,Female,No,1,Graduate,No,4723,0.0,81.0,360.0,1.0,Semiurban,N,0,0.0,0,0.0,0,1.0036699240121756,0,-0.4943374550446132
LP002175,Male,Yes,0,Graduate,No,4750,2333.0,130.0,360.0,1.0,Urban,Y,0,0.9443535054218991,0,-0.388578172067844,0,0.947132861609342,0,-0.4519249222745786
LP002178,Male,Yes,0,Graduate,No,3013,3033.0,95.0,300.0,,Urban,Y,0,1.0103052795385483,0,-0.4423406266939632,0,1.001138519923958,0,-0.4584766520282027
LP002180,Male,No,0,Graduate,Yes,6822,0.0,141.0,360.0,1.0,Rural,Y,0,0.0,0,0.0,0,1.210626950307267,0,-0.5634752528120829
LP002181,Male,No,0,Not Graduate,No,6216,0.0,133.0,360.0,1.0,Rural,N,0,0.0,0,0.0,0,1.055105105102068,0,-0.4930577260321197
LP002187,Male,No,0,Graduate,No,2500,0.0,96.0,480.0,1.0,Semiurban,N,0,0.0,0,0.0,0,0.9546139705907581,0,-0.46136182471841536
LP002188,Male,No,0,Graduate,No,5124,0.0,124.0,,0.0,Rural,N,0,0.0,0,0.0,0,1.0105263157889197,0,-0.46612034079410397
LP002205,Male,No,1,Graduate,No,3062,1987.0,111.0,180.0,0.0,Urban,N,0,1.021368280858375,0,-0.37895592495677033,0,1.0,0,-0.4493641784341551
LP002209,Female,No,0,Graduate,,2764,1459.0,110.0,360.0,1.0,Urban,Y,0,0.9826585835578481,0,-0.37760152007178366,0,0.9800000000015998,0,-0.42367844788252373
LP002211,Male,Yes,0,Graduate,No,4817,923.0,120.0,180.0,1.0,Urban,Y,0,1.1335272249497772,0,-0.4613985303770451,0,0.9930735930742329,0,-0.4278763009507638
LP002219,Male,Yes,3+,Graduate,No,8750,4996.0,130.0,360.0,1.0,Rural,Y,0,1.9981283109133443,0,-0.5595551424177486,0,0.947132861609342,0,-0.4519249222745786
LP002223,Male,Yes,0,Graduate,No,4310,0.0,130.0,360.0,,Semiurban,Y,0,0.0,0,0.0,0,0.947132861609342,0,-0.4519249222745786
LP002224,Male,No,0,Graduate,No,3069,0.0,71.0,480.0,1.0,Urban,N,0,0.0,0,0.0,0,0.9762082248019739,0,-0.4909421240719199
LP002225,Male,Yes,2,Graduate,No,5391,0.0,130.0,360.0,1.0,Urban,Y,0,0.0,0,0.0,0,0.947132861609342,0,-0.4519249222745786
LP002226,Male,Yes,0,Graduate,,3333,2500.0,128.0,360.0,1.0,Semiurban,Y,0,1.0768957918848143,0,-0.39979380824562266,0,1.019347662140556,0,-0.44386671780664805
LP002234,Male,No,0,Graduate,Yes,7167,0.0,128.0,360.0,1.0,Urban,Y,0,0.0,0,0.0,0,1.019347662140556,0,-0.44386671780664805
LP002236,Male,Yes,2,Graduate,No,4566,0.0,100.0,360.0,1.0,Urban,N,0,0.0,0,0.0,0,0.9895945945951364,0,-0.434502241673922
LP002237,Male,No,1,Graduate,,3667,0.0,113.0,180.0,1.0,Urban,Y,0,0.0,0,0.0,0,0.9714285714306122,0,-0.4379909043080081
LP002239,Male,No,0,Not Graduate,No,2346,1600.0,132.0,360.0,1.0,Semiurban,Y,0,1.0009356872362534,0,-0.37733715444762983,0,0.9843004769482129,0,-0.47892909073905326
LP002244,Male,Yes,0,Graduate,No,2333,2417.0,136.0,360.0,1.0,Urban,Y,0,1.0126295384084802,0,-0.39512741378370136,0,0.9682539682554095,0,-0.4921528134589129
LP002250,Male,Yes,0,Graduate,No,5488,0.0,125.0,360.0,1.0,Rural,Y,0,0.0,0,0.0,0,1.0,0,-0.4585975799584124
LP002263,Male,Yes,0,Graduate,No,2583,2115.0,120.0,360.0,,Urban,Y,0,1.0155946884579001,0,-0.39192935711331167,0,0.9930735930742329,0,-0.4278763009507638
LP002265,Male,Yes,2,Not Graduate,No,1993,1625.0,113.0,180.0,1.0,Semiurban,Y,0,1.01658891805842,0,-0.37174610725676416,0,0.9714285714306122,0,-0.4379909043080081
LP002266,Male,Yes,2,Graduate,No,3100,1400.0,113.0,360.0,1.0,Urban,Y,0,1.0090163388228413,0,-0.3929088851504193,0,0.9714285714306122,0,-0.4379909043080081
LP002272,Male,Yes,2,Graduate,No,3276,484.0,135.0,360.0,,Semiurban,Y,0,1.474201825370286,0,-0.5144849406611922,0,1.0,0,-0.4818921148432944
LP002277,Female,No,0,Graduate,No,3180,0.0,71.0,360.0,0.0,Urban,N,0,0.0,0,0.0,0,0.9762082248019739,0,-0.4909421240719199
LP002281,Male,Yes,0,Graduate,No,3033,1459.0,95.0,360.0,1.0,Urban,Y,0,0.9826585835578481,0,-0.37760152007178366,0,1.001138519923958,0,-0.4584766520282027
LP002284,Male,No,0,Not Graduate,No,3902,1666.0,109.0,360.0,1.0,Rural,Y,0,0.9996308218366547,0,-0.3664603521399157,0,1.077439024377503,0,-0.4762578369224855
LP002287,Female,No,0,Graduate,No,1500,1800.0,103.0,360.0,0.0,Semiurban,N,0,0.9930893812791031,0,-0.36655597229382375,0,1.0948744920420372,0,-0.4816100896104642
LP002288,Male,Yes,2,Not Graduate,No,2889,0.0,45.0,180.0,0.0,Urban,N,0,0.0,0,0.0,0,1.1145902728473271,0,-0.5690636392044971
LP002296,Male,No,0,Not Graduate,No,2755,0.0,65.0,300.0,1.0,Rural,N,0,0.0,0,0.0,0,1.1014266508794897,0,-0.5490964171994255
LP002297,Male,No,0,Graduate,No,2500,20000.0,103.0,360.0,1.0,Semiurban,Y,1,16.66582649398151,1,-0.8304185586800172,0,1.0948744920420372,0,-0.4816100896104642
LP002300,Female,No,0,Not Graduate,No,1963,0.0,53.0,360.0,1.0,Semiurban,Y,0,0.0,0,0.0,0,1.01675446725732,0,-0.5545106246848911
LP002305,Female,No,0,Graduate,No,4547,0.0,115.0,360.0,1.0,Semiurban,Y,0,0.0,0,0.0,0,1.3379939209393776,0,-0.451521889661952
LP002308,Male,Yes,0,Not Graduate,No,2167,2400.0,115.0,360.0,1.0,Urban,Y,0,0.9984972415809338,0,-0.395101301238677,0,1.3379939209393776,0,-0.451521889661952
LP002314,Female,No,0,Not Graduate,No,2213,0.0,66.0,360.0,1.0,Rural,Y,0,0.0,0,0.0,0,1.040671556178617,0,-0.5181251414016435
LP002318,Female,No,1,Not Graduate,Yes,3867,0.0,62.0,360.0,1.0,Semiurban,N,0,0.0,0,0.0,0,1.0736171446221867,0,-0.544624941510925
LP002332,Male,Yes,0,Not Graduate,No,2253,2033.0,110.0,360.0,1.0,Rural,Y,0,0.9846675427954409,0,-0.3755007775569677,0,0.9800000000015998,0,-0.42367844788252373
LP002337,Female,No,0,Graduate,No,2995,0.0,60.0,360.0,1.0,Urban,Y,0,0.0,0,0.0,0,1.0763795739036162,0,-0.5258476503955646
LP002345,Male,Yes,0,Graduate,No,1025,2773.0,112.0,360.0,1.0,Rural,Y,0,1.1307224030841254,0,-0.4285443047547973,0,1.0,0,-0.4431902232314015
LP002347,Male,Yes,0,Graduate,No,3246,1417.0,138.0,360.0,1.0,Semiurban,Y,0,0.9908581272367509,0,-0.38843799655443606,0,1.0102067669162462,0,-0.5039988117522258
LP002348,Male,Yes,0,Graduate,No,5829,0.0,138.0,360.0,1.0,Rural,Y,0,0.0,0,0.0,0,1.0102067669162462,0,-0.5039988117522258
LP002357,Female,No,0,Not Graduate,No,2720,0.0,80.0,,0.0,Urban,N,0,0.0,0,0.0,0,1.0036699240121758,0,-0.48989851788803573
LP002361,Male,Yes,0,Graduate,No,1820,1719.0,100.0,360.0,1.0,Urban,Y,0,0.9603433739755424,0,-0.37019914117927427,0,0.9895945945951364,0,-0.434502241673922
LP002362,Male,Yes,1,Graduate,No,7250,1667.0,110.0,,0.0,Urban,N,0,0.9996308218366547,0,-0.3656102012449929,0,0.9800000000015998,0,-0.42367844788252373
LP002366,Male,Yes,0,Graduate,No,2666,4300.0,121.0,360.0,1.0,Rural,Y,0,1.5621895769460956,0,-0.5313991887190762,0,1.0428947368358215,0,-0.4681187734067184
LP002367,Female,No,1,Not Graduate,No,4606,0.0,81.0,360.0,1.0,Rural,N,0,0.0,0,0.0,0,1.0036699240121756,0,-0.4943374550446132
LP002368,Male,Yes,2,Graduate,No,5935,0.0,133.0,360.0,1.0,Semiurban,Y,0,0.0,0,0.0,0,1.055105105102068,0,-0.4930577260321197
LP002369,Male,Yes,0,Graduate,No,2920,16.12000084,87.0,360.0,1.0,Rural,Y,0,2.273106552916081,0,-0.6811355118340819,0,1.0177416047177001,0,-0.5253725461020654
LP002370,Male,No,0,Not Graduate,No,2717,0.0,60.0,180.0,1.0,Urban,Y,0,0.0,0,0.0,0,1.0763795739036162,0,-0.5258476503955646
LP002377,Female,No,1,Graduate,Yes,8624,0.0,150.0,360.0,1.0,Semiurban,Y,0,0.0,0,0.0,0,1.3515764042931446,0,-0.6175361560011994
LP002379,Male,No,0,Graduate,No,6500,0.0,105.0,360.0,0.0,Rural,N,0,0.0,0,0.0,0,1.0811754019633515,0,-0.4760211390417759
LP002387,Male,Yes,0,Graduate,No,2425,2340.0,143.0,360.0,1.0,Semiurban,Y,0,0.9478593793942952,0,-0.3911100203227555,0,1.1704234960841562,0,-0.5729629308204527
LP002390,Male,No,0,Graduate,No,3750,0.0,100.0,360.0,1.0,Urban,Y,0,0.0,0,0.0,0,0.9895945945951364,0,-0.434502241673922
LP002398,Male,No,0,Graduate,No,1926,1851.0,50.0,360.0,1.0,Semiurban,Y,0,1.008484364685836,0,-0.3762537239626124,0,1.0368185000546837,0,-0.5500655586806046
LP002407,Female,Yes,0,Not Graduate,Yes,7142,0.0,138.0,360.0,1.0,Rural,Y,0,0.0,0,0.0,0,1.0102067669162462,0,-0.5039988117522258
LP002418,Male,No,3+,Not Graduate,No,4707,1993.0,148.0,360.0,1.0,Semiurban,Y,0,1.0147138194865908,0,-0.3767497665131729,0,1.2347783706036715,0,-0.6384962333797009
LP002429,Male,Yes,1,Graduate,Yes,3466,1210.0,130.0,360.0,1.0,Rural,Y,0,1.098142801857401,0,-0.42351747811576074,0,0.947132861609342,0,-0.4519249222745786
LP002434,Male,Yes,2,Not Graduate,No,4652,0.0,110.0,360.0,1.0,Rural,Y,0,0.0,0,0.0,0,0.9800000000015998,0,-0.42367844788252373
LP002435,Male,Yes,0,Graduate,,3539,1376.0,55.0,360.0,1.0,Rural,N,0,1.0234226338802384,0,-0.4018979706913409,0,1.0093622748372917,0,-0.5349097130182533
LP002443,Male,Yes,2,Graduate,No,3340,1710.0,150.0,360.0,0.0,Rural,N,0,0.9652281929620449,0,-0.3720616772528949,0,1.3515764042931446,0,-0.6175361560011994
LP002446,Male,Yes,2,Not Graduate,No,2309,1255.0,125.0,360.0,0.0,Rural,N,0,1.0889770424146996,0,-0.41065327932501877,0,1.0,0,-0.4585975799584124
LP002447,Male,Yes,2,Not Graduate,No,1958,1456.0,60.0,300.0,,Urban,Y,0,0.9826585835578483,0,-0.3785760860293288,0,1.0763795739036162,0,-0.5258476503955646
LP002448,Male,Yes,0,Graduate,No,3948,1733.0,149.0,360.0,0.0,Rural,N,0,0.970417989506131,0,-0.3768034339219727,0,1.2639778790260396,0,-0.6411998487479718
LP002449,Male,Yes,0,Graduate,No,2483,2466.0,90.0,180.0,0.0,Rural,Y,0,1.0558541692147805,0,-0.40686139323976955,0,1.4125360792104118,0,-0.5038135399892832
LP002453,Male,No,0,Graduate,Yes,7085,0.0,84.0,360.0,1.0,Semiurban,Y,0,0.0,0,0.0,0,1.0379772331621173,0,-0.5169931206615266
LP002455,Male,Yes,2,Graduate,No,3859,0.0,96.0,360.0,1.0,Semiurban,Y,0,0.0,0,0.0,0,0.9546139705907581,0,-0.46136182471841536
LP002459,Male,Yes,0,Graduate,No,4301,0.0,118.0,360.0,1.0,Urban,Y,0,0.0,0,0.0,0,1.7010574973967612,0,-0.48613817612449856
LP002472,Male,No,2,Graduate,No,4354,0.0,136.0,360.0,1.0,Rural,Y,0,0.0,0,0.0,0,0.9682539682554095,0,-0.4921528134589129
LP002484,Male,Yes,3+,Graduate,No,7740,0.0,128.0,180.0,1.0,Urban,Y,0,0.0,0,0.0,0,1.019347662140556,0,-0.44386671780664805
LP002489,Female,No,1,Not Graduate,,5191,0.0,132.0,360.0,1.0,Semiurban,Y,0,0.0,0,0.0,0,0.9843004769482129,0,-0.47892909073905326
LP002493,Male,No,0,Graduate,No,4166,0.0,98.0,360.0,0.0,Semiurban,N,0,0.0,0,0.0,0,1.0491107236234822,0,-0.47775162686924344
LP002494,Male,No,0,Graduate,No,6000,0.0,140.0,360.0,1.0,Rural,Y,0,0.0,0,0.0,0,1.1134731126008042,0,-0.521249406173113
LP002500,Male,Yes,3+,Not Graduate,No,2947,1664.0,70.0,180.0,0.0,Urban,N,0,0.9996308218366547,0,-0.37159160656294604,0,0.9680864247327843,0,-0.4893551900660422
LP002502,Female,Yes,2,Not Graduate,,210,2917.0,98.0,360.0,1.0,Semiurban,Y,0,1.0176532886942318,0,-0.4347314279931558,0,1.0491107236234822,0,-0.47775162686924344
LP002505,Male,Yes,0,Graduate,No,4333,2451.0,110.0,360.0,1.0,Urban,N,0,1.0385295830691263,0,-0.4002865893025869,0,0.9800000000015998,0,-0.42367844788252373
LP002517,Male,Yes,1,Not Graduate,No,2653,1500.0,113.0,180.0,0.0,Rural,N,0,1.0148151758820534,0,-0.3829849713850136,0,0.9714285714306122,0,-0.4379909043080081
LP002519,Male,Yes,3+,Graduate,No,4691,0.0,100.0,360.0,1.0,Semiurban,Y,0,0.0,0,0.0,0,0.9895945945951364,0,-0.434502241673922
LP002522,Female,No,0,Graduate,Yes,2500,0.0,93.0,360.0,,Urban,Y,0,0.0,0,0.0,0,1.4052418065471346,0,-0.4946667956869684
LP002530,,Yes,2,Graduate,No,2873,1872.0,132.0,360.0,0.0,Semiurban,N,0,1.0135399136722927,0,-0.3786780453536865,0,0.9843004769482129,0,-0.47892909073905326
LP002536,Male,Yes,3+,Not Graduate,No,3095,0.0,113.0,360.0,1.0,Rural,Y,0,0.0,0,0.0,0,0.9714285714306122,0,-0.4379909043080081
LP002537,Male,Yes,0,Graduate,No,2083,3150.0,128.0,360.0,1.0,Semiurban,Y,0,1.0676583307305996,0,-0.4758634233092566,0,1.019347662140556,0,-0.44386671780664805
LP002544,Male,Yes,1,Not Graduate,No,1958,2436.0,131.0,360.0,1.0,Rural,Y,0,1.0445083248289302,0,-0.40140953284440106,0,1.0538398692779105,0,-0.4882936757183932
LP002545,Male,No,2,Graduate,No,3547,0.0,80.0,360.0,0.0,Rural,N,0,0.0,0,0.0,0,1.0036699240121758,0,-0.48989851788803573
LP002556,Male,No,0,Graduate,No,2435,0.0,75.0,360.0,1.0,Urban,N,0,0.0,0,0.0,0,1.0117271771433245,0,-0.5150841734846702
LP002560,Male,No,0,Not Graduate,No,2699,2785.0,96.0,360.0,,Semiurban,Y,0,1.137812004063355,0,-0.4246086705939877,0,0.9546139705907581,0,-0.46136182471841536
LP002571,Male,No,0,Not Graduate,No,3691,0.0,110.0,360.0,1.0,Rural,Y,0,0.0,0,0.0,0,0.9800000000015998,0,-0.42367844788252373
LP002585,Male,Yes,0,Graduate,No,3597,2157.0,119.0,360.0,0.0,Rural,N,0,0.9945519133488776,0,-0.3918166186756052,0,1.020326086952953,0,-0.48904166878637656
LP002586,Female,Yes,1,Graduate,No,3326,913.0,105.0,84.0,1.0,Semiurban,Y,0,1.1395480173046282,0,-0.45905774498767604,0,1.0811754019633515,0,-0.4760211390417759
LP002587,Male,Yes,0,Not Graduate,No,2600,1700.0,107.0,360.0,1.0,Rural,Y,0,0.975173974663545,0,-0.3725326256649494,0,1.1982366686031274,0,-0.480646828902026
LP002588,Male,Yes,0,Graduate,No,4625,2857.0,111.0,12.0,,Urban,Y,0,1.0580846139340496,0,-0.42688293671238753,0,1.0,0,-0.4493641784341551
LP002600,Male,Yes,1,Graduate,Yes,2895,0.0,95.0,360.0,1.0,Semiurban,Y,0,0.0,0,0.0,0,1.001138519923958,0,-0.4584766520282027
LP002603,Female,No,0,Graduate,No,645,3683.0,113.0,480.0,1.0,Rural,Y,0,1.4176619624259672,0,-0.5244824811985916,0,0.9714285714306122,0,-0.4379909043080081
LP002606,Female,No,0,Graduate,No,3159,0.0,100.0,360.0,1.0,Semiurban,Y,0,0.0,0,0.0,0,0.9895945945951364,0,-0.434502241673922
LP002618,Male,Yes,1,Not Graduate,No,4050,5302.0,138.0,360.0,,Rural,N,0,2.18265282570839,0,-0.6372537489964951,0,1.0102067669162462,0,-0.5039988117522258
LP002619,Male,Yes,0,Not Graduate,No,3814,1483.0,124.0,300.0,1.0,Semiurban,Y,0,1.0089479726686743,0,-0.3802262813521792,0,1.0105263157889197,0,-0.46612034079410397
LP002625,,No,0,Graduate,No,3583,0.0,96.0,360.0,1.0,Urban,N,0,0.0,0,0.0,0,0.9546139705907581,0,-0.46136182471841536
LP002637,Male,No,0,Not Graduate,No,3598,1287.0,100.0,360.0,1.0,Rural,N,0,1.046927824763268,0,-0.40445701747056007,0,0.9895945945951364,0,-0.434502241673922
LP002643,Male,Yes,2,Graduate,No,3283,2035.0,148.0,360.0,1.0,Urban,Y,0,0.9770737267451484,0,-0.3749979134758648,0,1.2347783706036715,0,-0.6384962333797009
LP002648,Male,Yes,0,Graduate,No,2130,6666.0,70.0,180.0,1.0,Semiurban,N,0,3.3426008265079643,0,-0.7023803153801029,0,0.9680864247327843,0,-0.4893551900660422
LP002659,Male,Yes,3+,Graduate,No,3466,3428.0,150.0,360.0,1.0,Rural,Y,0,1.2767943958688188,0,-0.46131970733442057,0,1.3515764042931446,0,-0.6175361560011994
LP002670,Female,Yes,2,Graduate,No,2031,1632.0,113.0,480.0,1.0,Semiurban,Y,0,1.0119400248912966,0,-0.37383497253328535,0,0.9714285714306122,0,-0.4379909043080081
LP002682,Male,Yes,,Not Graduate,No,3074,1800.0,123.0,360.0,0.0,Semiurban,N,0,0.9930893812791031,0,-0.36655597229382375,0,1.0923444975996635,0,-0.47406453114509656
LP002684,Female,No,0,Not Graduate,No,3400,0.0,95.0,360.0,1.0,Rural,N,0,0.0,0,0.0,0,1.001138519923958,0,-0.4584766520282027
LP002689,Male,Yes,2,Not Graduate,No,2192,1742.0,45.0,360.0,1.0,Semiurban,Y,0,0.9909469354101204,0,-0.38070166306485637,0,1.1145902728473271,0,-0.5690636392044971
LP002690,Male,No,0,Graduate,No,2500,0.0,55.0,360.0,1.0,Semiurban,Y,0,0.0,0,0.0,0,1.0093622748372917,0,-0.5349097130182533
LP002692,Male,Yes,3+,Graduate,Yes,5677,1424.0,100.0,360.0,1.0,Rural,Y,0,0.9878757257260464,0,-0.3857268422963147,0,0.9895945945951364,0,-0.434502241673922
LP002705,Male,Yes,0,Graduate,No,3775,0.0,110.0,360.0,1.0,Semiurban,Y,0,0.0,0,0.0,0,0.9800000000015998,0,-0.42367844788252373
LP002714,Male,No,1,Not Graduate,No,2679,1302.0,94.0,360.0,1.0,Semiurban,Y,0,1.0278953766859735,0,-0.40298003153683637,0,0.9950458211131332,0,-0.4829504669107241
LP002716,Male,No,0,Not Graduate,No,6783,0.0,130.0,360.0,1.0,Semiurban,Y,0,0.0,0,0.0,0,0.947132861609342,0,-0.4519249222745786
LP002720,Male,Yes,3+,Graduate,No,4281,0.0,100.0,360.0,1.0,Urban,Y,0,0.0,0,0.0,0,0.9895945945951364,0,-0.434502241673922
LP002723,Male,No,2,Graduate,No,3588,0.0,110.0,360.0,0.0,Rural,N,0,0.0,0,0.0,0,0.9800000000015998,0,-0.42367844788252373
LP002732,Male,No,0,Not Graduate,,2550,2042.0,126.0,360.0,1.0,Rural,Y,0,0.9808437928632442,0,-0.3766698765206451,0,1.0078947368416897,0,-0.4627843635930468
LP002738,Male,No,2,Graduate,No,3617,0.0,107.0,360.0,1.0,Semiurban,Y,0,0.0,0,0.0,0,1.1982366686031274,0,-0.480646828902026
LP002739,Male,Yes,0,Not Graduate,No,2917,536.0,66.0,360.0,1.0,Rural,N,0,1.411671112436812,0,-0.520989383251899,0,1.040671556178617,0,-0.5181251414016435
LP002741,Female,Yes,1,Graduate,No,4608,2845.0,140.0,180.0,1.0,Semiurban,Y,0,1.0558736037299918,0,-0.4209536394272274,0,1.1134731126008042,0,-0.521249406173113
LP002743,Female,No,0,Graduate,No,2138,0.0,99.0,360.0,0.0,Semiurban,N,0,0.0,0,0.0,0,1.0236111111097992,0,-0.4636183494115894
LP002753,Female,No,1,Graduate,,3652,0.0,95.0,360.0,1.0,Semiurban,Y,0,0.0,0,0.0,0,1.001138519923958,0,-0.4584766520282027
LP002755,Male,Yes,1,Not Graduate,No,2239,2524.0,128.0,360.0,1.0,Urban,Y,0,1.129889508238974,0,-0.4084209235390674,0,1.019347662140556,0,-0.44386671780664805
LP002757,Female,Yes,0,Not Graduate,No,3017,663.0,102.0,360.0,,Semiurban,Y,0,1.2684108579770765,0,-0.5044641616029285,0,1.100721500715045,0,-0.47007976024136516
LP002768,Male,No,0,Not Graduate,No,3358,0.0,80.0,36.0,1.0,Semiurban,N,0,0.0,0,0.0,0,1.0036699240121758,0,-0.48989851788803573
LP002772,Male,No,0,Graduate,No,2526,1783.0,145.0,360.0,1.0,Rural,Y,0,0.988247476317156,0,-0.37006026529406794,0,1.2411751524038752,0,-0.597881280978733
LP002776,Female,No,0,Graduate,No,5000,0.0,103.0,360.0,0.0,Semiurban,N,0,0.0,0,0.0,0,1.0948744920420372,0,-0.4816100896104642
LP002777,Male,Yes,0,Graduate,No,2785,2016.0,110.0,360.0,1.0,Rural,Y,0,1.0001488316419145,0,-0.3714824273854162,0,0.9800000000015998,0,-0.42367844788252373
LP002789,Male,Yes,0,Graduate,No,3593,4266.0,132.0,180.0,0.0,Rural,N,0,1.540196651775306,0,-0.5488013820305985,0,0.9843004769482129,0,-0.47892909073905326
LP002792,Male,Yes,1,Graduate,No,5468,1032.0,26.0,360.0,1.0,Semiurban,Y,0,1.1510531256489351,0,-0.4327413268239056,0,1.651381770472088,0,-0.6948048062245471
LP002794,Female,No,0,Graduate,No,2667,1625.0,84.0,360.0,,Urban,Y,0,1.01658891805842,0,-0.37174610725676416,0,1.0379772331621173,0,-0.5169931206615266
LP002807,Male,Yes,2,Not Graduate,No,3675,242.0,108.0,360.0,1.0,Semiurban,Y,0,1.8445921269749026,0,-0.5931175532275499,0,1.4830141611697187,0,-0.4721650459101719
LP002821,Male,No,0,Not Graduate,Yes,5800,0.0,132.0,360.0,1.0,Semiurban,Y,0,0.0,0,0.0,0,0.9843004769482129,0,-0.47892909073905326
LP002833,Male,Yes,0,Not Graduate,No,4467,0.0,120.0,360.0,,Rural,Y,0,0.0,0,0.0,0,0.9930735930742329,0,-0.4278763009507638
LP002836,Male,No,0,Graduate,No,3333,0.0,70.0,360.0,1.0,Urban,Y,0,0.0,0,0.0,0,0.9680864247327843,0,-0.4893551900660422
LP002837,Male,Yes,3+,Graduate,No,3400,2500.0,123.0,360.0,0.0,Rural,N,0,1.0768957918848143,0,-0.39979380824562266,0,1.0923444975996635,0,-0.47406453114509656
LP002840,Female,No,0,Graduate,No,2378,0.0,9.0,360.0,1.0,Urban,N,0,0.0,0,0.0,0,2.4497522595738053,0,-0.7764342755948077
LP002841,Male,Yes,0,Graduate,No,3166,2064.0,104.0,360.0,0.0,Urban,N,0,0.979266133408833,0,-0.3815943580119845,0,1.026500021463217,0,-0.4631254110969922
LP002863,Male,Yes,3+,Graduate,No,6406,0.0,150.0,360.0,1.0,Semiurban,N,0,0.0,0,0.0,0,1.3515764042931446,0,-0.6175361560011994
LP002868,Male,Yes,2,Graduate,No,3159,461.0,108.0,84.0,1.0,Urban,Y,0,1.5009175507702268,0,-0.5376997164164081,0,1.4830141611697187,0,-0.4721650459101719
LP002872,,Yes,0,Graduate,No,3087,2210.0,136.0,360.0,0.0,Semiurban,N,0,1.0102688896982825,0,-0.38858131528068524,0,0.9682539682554095,0,-0.4921528134589129
LP002874,Male,No,0,Graduate,No,3229,2739.0,110.0,360.0,1.0,Urban,Y,0,1.2782974922592267,0,-0.44459047500114973,0,0.9800000000015998,0,-0.42367844788252373
LP002877,Male,Yes,1,Graduate,No,1782,2232.0,107.0,360.0,1.0,Rural,Y,0,1.0240204588483601,0,-0.3957049613210316,0,1.1982366686031274,0,-0.480646828902026
LP002893,Male,No,0,Graduate,No,1836,33837.0,90.0,360.0,1.0,Urban,N,1,29.54658350170367,1,-0.8811967662751486,0,1.4125360792104118,0,-0.5038135399892832
LP002894,Female,Yes,0,Graduate,No,3166,0.0,36.0,360.0,1.0,Semiurban,Y,0,0.0,0,0.0,0,1.2821351225303375,0,-0.6528422421856047
LP002898,Male,Yes,1,Graduate,No,1880,0.0,61.0,360.0,,Rural,N,0,0.0,0,0.0,0,1.0917652414721615,0,-0.5376101492626922
LP002911,Male,Yes,1,Graduate,No,2787,1917.0,146.0,360.0,0.0,Rural,N,0,1.0187789693191722,0,-0.38460096760915824,0,1.2153120316554262,0,-0.6331848766423923
LP002916,Male,Yes,0,Graduate,No,2297,1522.0,104.0,360.0,1.0,Urban,Y,0,1.0736581994661687,0,-0.38611555799320885,0,1.026500021463217,0,-0.4631254110969922
LP002917,Female,No,0,Not Graduate,No,2165,0.0,70.0,360.0,1.0,Semiurban,Y,0,0.0,0,0.0,0,0.9680864247327843,0,-0.4893551900660422
LP002925,,No,0,Graduate,No,4750,0.0,94.0,360.0,1.0,Semiurban,Y,0,0.0,0,0.0,0,0.9950458211131332,0,-0.4829504669107241
LP002926,Male,Yes,2,Graduate,Yes,2726,0.0,106.0,360.0,0.0,Semiurban,N,0,0.0,0,0.0,0,1.0679350822792737,0,-0.48388083671099397
LP002928,Male,Yes,0,Graduate,No,3000,3416.0,56.0,180.0,1.0,Semiurban,Y,0,1.2641970007542522,0,-0.4660417238625578,0,1.0074166172444792,0,-0.5466984186522698
LP002936,Male,Yes,0,Graduate,No,3859,3300.0,142.0,180.0,1.0,Rural,Y,0,1.1465972345502835,0,-0.4715633803422729,0,1.1844314615733051,0,-0.5807453385540963
LP002940,Male,No,0,Not Graduate,No,3833,0.0,110.0,360.0,1.0,Rural,Y,0,0.0,0,0.0,0,0.9800000000015998,0,-0.42367844788252373
LP002943,Male,No,,Graduate,No,2987,0.0,88.0,360.0,0.0,Semiurban,N,0,0.0,0,0.0,0,1.1181149454367023,0,-0.5029955914187726
LP002953,Male,Yes,3+,Graduate,No,5703,0.0,128.0,360.0,1.0,Urban,Y,0,0.0,0,0.0,0,1.019347662140556,0,-0.44386671780664805
LP002974,Male,Yes,0,Graduate,No,3232,1950.0,108.0,360.0,1.0,Rural,Y,0,1.044053475304019,0,-0.3885501133969055,0,1.4830141611697187,0,-0.4721650459101719
LP002978,Female,No,0,Graduate,No,2900,0.0,71.0,360.0,1.0,Rural,Y,0,0.0,0,0.0,0,0.9762082248019739,0,-0.4909421240719199
LP002979,Male,Yes,3+,Graduate,No,4106,0.0,40.0,180.0,1.0,Rural,Y,0,0.0,0,0.0,0,1.2036352987345316,0,-0.6365851591577308
LP002990,Female,No,0,Graduate,Yes,4583,0.0,133.0,360.0,0.0,Semiurban,N,0,0.0,0,0.0,0,1.055105105102068,0,-0.4930577260321197
